<?xml version="1.0" encoding="UTF-8"?>
<beans xmlns="http://www.springframework.org/schema/beans"
    xmlns:xsi="http://www.w3.org/2001/XMLSchema-instance"
    xsi:schemaLocation="
        http://www.springframework.org/schema/beans http://www.springframework.org/schema/beans/spring-beans.xsd">
        
<bean class="com.spring.dependencyInjection.constinj.Manager" id="magId">
	<constructor-arg value="111"/>
	<constructor-arg value="Mitesh"/>
	<constructor-arg value="Technical"/>
</bean>

<bean class="com.spring.dependencyInjection.constinj.Employee" id="empId">
	<constructor-arg value="202"/>
	<constructor-arg value="Rakhee"/>
	<constructor-arg value="Pune"/>
	<constructor-arg ref="magId"/>
</bean>

</beans>