<?xml version="1.0" encoding="UTF-8"?>

<!DOCTYPE hibernate-configuration PUBLIC
        "-//Hibernate/Hibernate Configuration DTD 3.0//EN"
        "http://hibernate.sourceforge.net/hibernate-configuration-3.0.dtd">
<hibernate-configuration>
    <session-factory>
        <!-- Database connection settings -->
        <property name="hibernate.connection.driver_class">com.mysql.cj.jdbc.Driver</property>
        <property name="hibernate.connection.url">jdbc:mysql://localhost:3306/your_database_name</property>
        <property name="hibernate.connection.username">your_mysql_username</property>
        <property name="hibernate.connection.password">your_mysql_password</property>
        
        <!-- JDBC connection pool settings -->
        <property name="hibernate.c3p0.min_size">5</property>
        <property name="hibernate.c3p0.max_size">20</property>
        <property name="hibernate.c3p0.timeout">300</property>
        <property name="hibernate.c3p0.max_statements">50</property>
        <property name="hibernate.c3p0.idle_test_period">3000</property>
        
        <!-- Specify dialect -->
        <property name="hibernate.dialect">org.hibernate.dialect.MySQLDialect</property>
        
        <!-- Echo all executed SQL to stdout -->
        <property name="hibernate.show_sql">true</property>
        
        <!-- Set up automatic schema creation/update -->
        <property name="hibernate.hbm2ddl.auto">update</property>
        
        <!-- Specify annotated entity classes -->
        <mapping class="com.webassign.entity.User"/> <!-- Replace with your actual entity class -->
        
    </session-factory>
</hibernate-configuration>
