<?xml version="1.0" encoding="UTF-8"?>

<!DOCTYPE hibernate-mapping PUBLIC
        "-//Hibernate/Hibernate Mapping DTD 3.0//EN"
        "http://hibernate.sourceforge.net/hibernate-mapping-3.0.dtd">
<hibernate-mapping>
    <class name="com.example.User" table="users">
        <id name="id" type="int">
            <column name="id" />
            <generator class="identity" />
        </id>
        <property name="firstName" type="string">
            <column name="first_name" />
        </property>
        <property name="lastName" type="string">
            <column name="last_name" />
        </property>
        <property name="email" type="string">
            <column name="email" />
        </property>
        <property name="mobile" type="string">
            <column name="mobile" />
        </property>
        <property name="password" type="string">
            <column name="password" />
        </property>
        <property name="gender" type="string">
            <column name="gender" />
        </property>
    </class>
</hibernate-mapping>